StrategyName,TotalTrades,WinningTrades,LosingTrades,WinRate_Pct,GrossPnL_USD,Commission_USD,NetPnL_USD,AverageTrade_USD,BestTrade_USD,WorstTrade_USD,ProfitFactor
Composite,23,11,12,47.82608695652174,2123.1629860752537,161.0,1962.1629860752541,85.31143417718496,560.0000000000064,-297.00000000001245,3.456274498893028
ML_RF,28,11,17,39.285714285714285,1508.458728535421,196.0,1312.4587285354207,46.87352601912217,509.99999999998965,-464.99999999999176,1.859196902272294
MA_Cross,16,6,10,37.5,600.2251421957818,112.0,488.2251421957818,30.514071387236363,418.0000000000087,-333.0000000000041,2.130740091441653
RL_PPO,26,11,15,42.30769230769231,400.28986429672193,182.0,218.28986429672193,8.395764011412382,350.99999999999164,-594.0000000000042,1.0955437895098796
ML_XGB,18,6,12,33.33333333333333,290.63326868523984,126.0,164.63326868523984,9.146292704735547,470.0000000000052,-782.0000000000034,1.133482819428529
MACD_Trend,19,7,12,36.84210526315789,-158.69428772724024,133.0,-291.6942877272403,-15.352330933012647,305.9999999999855,-367.9999999999891,0.7544028873916475
RSI_Reversal,20,7,13,35.0,-298.0092346580263,140.0,-438.0092346580263,-21.900461732901313,779.0000000000089,-747.0000000000073,0.8331591636848127
