TotalTrades,WinningTrades,LosingTrades,BreakevenTrades,WinRate_Pct,TotalGrossPnL_USD,TotalCommission_USD,TotalNetPnL_USD,AverageNetPnL_USD,MedianNetPnL_USD,BestTrade_USD,WorstTrade_USD,WinningPnL_USD,LosingPnL_USD,ProfitFactor,MaxDrawdown_USD
150,59,91,0,39.33333333333333,4466.066467403151,1050.0,3416.0664674031514,22.773776449354344,-6.139449294839472,779.0000000000089,-782.0000000000034,13505.30267537434,10089.23620797119,1.3385852404470642,2232.34371373832
